,N2EX,EUA(Ascending)
41682,58.45,6.34
41683,53.68,6.37
41684,55.5,6.57
41685,52.62,6.643333333
41686,54.61,6.716666667
41687,58.24,6.79
41688,57.05,6.73
41689,56.79,6.9
41690,51.42,6.97
41691,52.65,7.12
41692,51.57,7.076666667
41693,46.81,7.033333333
41694,53.32,6.99
41695,50.41,6.21
41696,51.36,6.48
41697,52.32,6.5
41698,57.57,7.06
41699,54.66,6.91
41700,53.6,6.76
41701,56.41,6.61
41702,60.17,6.81
41703,56.7,6.77
41704,55.54,6.8
41705,50.67,6.9
41706,54.02,6.896666667
41707,53.87,6.893333333
41708,54.19,6.89
41709,55.24,6.82
41710,57.53,6.5
41711,56.18,6.43
41712,54.6,6.29
41713,53.18,6.15
41714,48.11,6.01
41715,55.68,5.87
41716,53.13,5.75
41717,50.72,5.99
41718,49.81,6.01
41719,50.45,6.18
41720,50.57,6.073333333
41721,50.11,5.966666667
41722,52.86,5.86
41723,51.42,5.85
41724,53.55,5.8
41725,51.33,5.17
41726,51.65,4.34
41727,49.03,4.44
41728,48.86,4.54
41729,49.1,4.64
41730,51.3,5.04
41731,50.69,4.82
41732,50.11,4.85
41733,49.82,4.68
41734,47.53,4.776666667
41735,47.47,4.873333333
41736,50.08,4.97
41737,46.52,4.85
41738,50.26,4.93
41739,51.5,5.11
41740,50.54,5.31
41741,48.4,5.283333333
41742,45.36,5.256666667
41743,49.58,5.23
41744,51.99,5.53
41745,50.85,5.45
41746,51.46,5.54
41747,51.92,5.54
41748,50.97,5.54
41749,48.7,5.54
41750,46.27,5.54
41751,50.33,5.67
41752,51.8,5.66
41753,50.78,5.71
41754,50.15,5.06
41755,48.62,5.106666667
41756,50.87,5.153333333
41757,52.15,5.2
41758,51.27,5.41
41759,52.88,5.4
41760,50.9,5.41
41761,49.94,5.18
41762,49.98,5.19
41763,47.69,5.2
41764,48.13,5.21
41765,47.29,5.22
41766,48.27,5.12
41767,47.34,5.13
41768,45.78,5.24
41769,46.94,5.26
41770,45.86,5.28
41771,50.96,5.3
41772,51.49,5.28
41773,51.38,5.1
41774,51.58,4.77
41775,48.73,4.79
41776,48.32,4.756666667
41777,47.19,4.723333333
41778,50.3,4.69
41779,47.28,4.84
41780,46.98,5.12
41781,48.06,5.16
41782,49.1,5.12
41783,48.54,5.11
41784,49.4,5.1
41785,47.11,5.09
41786,46.61,5.17
41787,48.11,5.2
41788,47.54,5.2
41789,46.26,5.05
41790,46.44,5.08
41791,45.55,5.11
41792,47.96,5.14
41793,46.71,5.43
41794,46.48,5.39
41795,46.85,5.54
41796,44.31,5.44
41797,42.72,5.47
41798,42.2,5.5
41799,46.07,5.53
41800,45.09,5.49
41801,45.9,5.36
41802,46.48,5.55
41803,47.81,5.66
41804,47.23,5.65
41805,46.23,5.64
41806,48.05,5.63
41807,49.37,5.7
41808,46.56,5.65
41809,45.57,5.54
41810,45.56,5.65
41811,44.55,5.696666667
41812,43.65,5.743333333
41813,43.84,5.79
41814,43.26,5.74
41815,45.82,5.71
41816,45.11,5.7
41817,45.35,5.76
41818,44.38,5.776666667
41819,44.88,5.793333333
41820,45.98,5.81
41821,47.24,6.01
41822,44.51,6.07
41823,43.78,5.99
41824,42.88,5.65
41825,41.74,5.613333333
41826,43.81,5.576666667
41827,45.34,5.54
41828,45.44,5.73
41829,42.63,5.79
41830,44.57,5.66
41831,44.99,5.72
41832,41.9,5.766666667
41833,40.39,5.813333333
41834,43.22,5.86
41835,43.74,5.92
41836,42.69,6.02
41837,45.79,6.13
41838,43.04,5.98
41839,44.7,6
41840,45,6.02
41841,47.32,6.04
41842,46.48,6.15
41843,44.71,6.15
41844,44.29,6.03
41845,45.84,6.11
41846,45.55,6.13
41847,44.57,6.15
41848,47.31,6.17
41849,45.42,6.02
41850,48.27,6.11
41851,46.57,6.19
41852,46.84,6.26
41853,46.94,6.246666667
41854,42.7,6.233333333
41855,46.35,6.22
41856,45.36,6.18
41857,44.88,6.19
41858,47.19,5.93
41859,48.88,5.96
41860,43.93,6.01
41861,43.61,6.06
41862,42.42,6.11
41863,44.96,6.09
41864,48.63,6.21
41865,51.35,6.21
41866,48.59,6.36
41867,50.01,6.346666667
41868,44.93,6.333333333
41869,46.18,6.32
41870,50.75,6.43
41871,49.96,6.41
41872,49.34,6.34
41873,47.33,6.35
41874,48.65,6.34
41875,48.09,6.33
41876,45.64,6.32
41877,48.91,6.29
41878,48.65,6.35
41879,47.91,6.43
41880,48.44,6.38
41881,49.68,6.383333333
41882,52.45,6.386666667
41883,56.22,6.39
41884,56.69,6.38
41885,58.17,6.32
41886,53.57,6.11
41887,54.49,6.26
41888,52.48,6.263333333
41889,50.71,6.266666667
41890,52.26,6.27
41891,50.52,6.12
41892,51.45,6.08
41893,49.56,6.1
41894,51.57,6.04
41895,53.2,5.996666667
41896,50.08,5.953333333
41897,53.7,5.91
41898,57.36,5.79
41899,56.96,5.88
41900,55.41,5.97
41901,56.65,6.01
41902,56.9,6
41903,55.32,5.99
41904,55.87,5.98
41905,55.62,5.65
41906,54.75,5.8
41907,54.87,5.8
41908,52.13,5.91
41909,56.09,5.856666667
41910,53.42,5.803333333
41911,56.41,5.75
41912,55.19,5.82
41913,59.12,5.79
41914,56.87,5.67
41915,53.46,5.66
41916,54.4,5.66
41917,52.36,5.66
41918,56.47,5.66
41919,56.65,5.72
41920,53.22,6.03
41921,52.89,6.1
41922,55.25,6.02
41923,58.91,6.026666667
41924,58.05,6.033333333
41925,57.19,6.04
41926,59.26,6.07
41927,63.05,6.14
41928,69.05,6.2
41929,61.56,6.12
41930,50.86,6.123333333
41931,45.2,6.126666667
41932,55.19,6.13
41933,49.64,6.17
41934,56.17,6.21
41935,56.53,6.32
41936,57,6.39
41937,51.83,6.35
41938,47.27,6.31
41939,49.51,6.27
41940,54.78,6.15
41941,68.48,6.41
41942,65.59,6.41
41943,54.05,6.34
41944,52.48,6.416666667
41945,48.45,6.493333333
41946,59.22,6.57
41947,69.55,6.47
41948,65.65,6.63
41949,55.45,6.62
41950,52.58,6.75
41951,57.13,6.736666667
41952,61.41,6.723333333
41953,59.07,6.71
41954,55.7,6.79
41955,57.81,6.84
41956,55.68,6.78
41957,54.29,6.61
41958,59.71,6.703333333
41959,58.54,6.796666667
41960,62.7,6.89
41961,62.1,7.01
41962,60.5,7.03
41963,62.37,6.95
41964,58.82,6.99
41965,56.59,7.006666667
41966,55.44,7.023333333
41967,63.44,7.04
41968,66.15,7.12
41969,68,7.19
41970,68.14,7.09
41971,60.84,7.04
41972,62.98,7.05
41973,63.81,7.06
41974,64.73,7.07
41975,61.59,6.85
41976,63.86,6.89
41977,66.78,6.84
41978,61.08,6.66
41979,58.89,6.66
41980,52.66,6.66
41981,56.84,6.66
41982,58.49,6.74
41983,55.55,6.56
41984,57.33,6.74
41985,57.08,6.66
41986,55.57,6.736666667
41987,49.59,6.813333333
41988,55.49,6.89
41989,56.17,6.91
41990,52.28,6.99
41991,52.74,7.04
41992,51.46,7.08
41993,51.32,7.09
41994,51.72,7.1
41995,50.62,7.11
41996,52.03,7.25
41997,49.76,7.37
41998,50.73,7.37
41999,56.9,7.37
42000,55.2,7.33
42001,57.7,7.29
42002,60.16,7.25
42003,57.98,7.21
42004,52.85,7.25
42005,47.5,7.13
42006,46.44,7.01
42007,53.41,6.973333333
42008,54.64,6.936666667
42009,54.74,6.9
42010,52.58,6.77
42011,49.55,6.78
42012,49.26,6.81
42013,47.7,6.71
42014,43.7,6.71
42015,44.7,6.71
42016,49.3,6.71
42017,51.34,7.29
42018,49.28,7.16
42019,50.06,7.12
42020,53.27,7.13
42021,53.33,7.156666667
42022,52.64,7.183333333
42023,57.03,7.21
42024,53.8,7.16
42025,55.59,7.32
42026,56.68,6.76
42027,51.08,6.8
42028,50.41,6.816666667
42029,52.92,6.833333333
42030,53.57,6.85
42031,51.81,6.84
42032,47.46,6.95
42033,52.25,7.06
42034,53.41,7.08
42035,47.21,7.096666667
42036,52.52,7.113333333
42037,58.52,7.13
42038,57.11,7.06
42039,54.9,6.93
42040,59.91,7
42041,58.42,6.95
42042,56.66,6.936666667
42043,56.02,6.923333333
42044,61.75,6.91
42045,65.05,7.1
42046,60.73,7.23
42047,65.73,7.39
42048,57.76,7.63
42049,59.08,7.636666667
42050,56.07,7.643333333
42051,59.23,7.65
42052,57.43,7.47
42053,54.96,7.49
42054,55.17,7.34
42055,57.63,7.32
42056,55.54,7.446666667
42057,58.08,7.573333333
42058,56.2,7.7
42059,55.3,7.47
42060,57.47,7.39
42061,55.56,7.06
42062,60.32,7.1
42063,57.68,7.05
42064,48.05,7
42065,58.84,6.95
42066,56.66,6.73
42067,57.33,7.02
42068,55.41,6.75
42069,56.47,6.8
42070,49.8,6.76
42071,46.95,6.72
42072,52.9,6.68
42073,56.39,6.82
42074,57.12,6.76
42075,55.99,6.41
42076,58.96,6.46
42077,57.31,6.47
42078,56.05,6.48
42079,57,6.49
42080,58.8,6.73
42081,57.45,6.74
42082,56.68,6.67
42083,57.48,7.04
42084,55.21,7.04
42085,56.16,7.04
42086,57.63,7.04
42087,57.63,7.03
42088,59.96,6.97
42089,54.65,6.95
42090,58.28,6.76
42091,55.14,6.8
42092,54.28,6.84
42093,58.47,6.88
42094,54.86,6.92
42095,61.92,7.14
42096,68.29,7.15
42097,62.85,7.15
42098,62.59,7.15
42099,61.67,7.15
42100,59.47,7.15
42101,64.07,7.11
42102,60.79,7.12
42103,61.68,7.01
42104,61.58,6.94
42105,53.99,6.893333333
42106,55.07,6.846666667
42107,64.47,6.8
42108,59.88,6.8
42109,61.5,6.85
42110,63.2,6.87
42111,63.49,6.84
42112,60.34,6.936666667
42113,60.74,7.033333333
42114,61.66,7.13
42115,59.63,7.08
42116,60.03,7.09
42117,60.97,7.25
42118,60.04,7.28
42119,58.11,7.236666667
42120,60.65,7.193333333
42121,62.02,7.15
42122,59,7.35
42123,60.42,7.46
42124,59.25,7.39
42125,58.81,7.48
42126,54.18,7.513333333
42127,48.75,7.546666667
42128,53.77,7.58
42129,50.7,7.55
42130,53.21,7.53
42131,57.69,7.43
42132,57.55,7.53
42133,60.43,7.56
42134,57.13,7.59
42135,50.13,7.62
42136,53.42,7.59
42137,61.63,7.64
42138,59.17,7.55
42139,58.91,7.59
42140,50.89,7.593333333
42141,50.96,7.596666667
42142,55.47,7.6
42143,55.84,7.37
42144,56.68,7.35
42145,57.83,7.3
42146,58.29,7.3
42147,57.72,7.32
42148,55.09,7.34
42149,58.76,7.36
42150,58.78,7.22
42151,60.45,7.17
42152,57.82,7.18
42153,59.2,7.32
42154,57.35,7.293333333
42155,49.36,7.266666667
42156,53.88,7.24
42157,52.14,7.44
42158,56.54,7.48
42159,60.76,7.39
42160,57.31,7.4
42161,50.32,7.413333333
42162,53.58,7.426666667
42163,62.46,7.44
42164,59.59,7.56
42165,54.55,7.58
42166,59.07,7.5
42167,57.71,7.61
42168,57.79,7.576666667
42169,57.19,7.543333333
42170,59.76,7.51
42171,58.85,7.41
42172,56.6,7.46
42173,57.18,7.45
42174,57.02,7.41
42175,59.44,7.426666667
42176,53.92,7.443333333
42177,54.7,7.46
42178,59.28,7.48
42179,59.18,7.48
42180,59.35,7.58
42181,58.64,7.52
42182,61.29,7.456666667
42183,55.84,7.393333333
42184,58.98,7.33
42185,58.97,7.42
42186,56.8,7.47
42187,58.86,7.43
42188,58.39,7.42
42189,56.3,7.4
42190,56.4,7.38
42191,59.44,7.36
42192,59.36,7.44
42193,59.65,7.43
42194,61.9,7.46
42195,60.73,7.59
42196,59.35,7.65
42197,58.66,7.71
42198,61.54,7.77
42199,66.55,7.71
42200,61.25,7.74
42201,62.34,7.64
42202,58.37,7.72
42203,58.21,7.8
42204,60.64,7.88
42205,61.92,7.96
42206,59.65,7.94
42207,61.85,7.94
42208,60.46,8.05
42209,61.04,7.98
42210,53.1,7.986666667
42211,50.95,7.993333333
42212,58.02,8
42213,58.51,8
42214,58.89,8.04
42215,60.05,7.86
42216,60.37,7.85
42217,59.14,7.876666667
42218,58.75,7.903333333
42219,57.38,7.93
42220,56.22,7.88
42221,60.04,7.81
42222,61.24,7.82
42223,63.21,7.76
42224,57.42,7.806666667
42225,57.19,7.853333333
42226,59.82,7.9
42227,59.41,8.07
42228,60.11,8.17
42229,58.78,8.17
42230,59.02,8.3
42231,55.59,8.273333333
42232,57.83,8.246666667
42233,59.32,8.22
42234,56.68,8.25
42235,57.07,8.32
42236,57.08,8.34
42237,55.53,8.18
42238,54.79,8.17
42239,53.4,8.16
42240,57.86,8.15
42241,53.69,8.23
42242,51.59,8.08
42243,52.73,8.03
42244,54.2,8.09
42245,52.46,8.076666667
42246,53.91,8.063333333
42247,54.21,8.05
42248,55.64,7.99
42249,56.52,8.1
42250,53.24,8.15
42251,56.4,8.07
42252,55.29,8.066666667
42253,54.29,8.063333333
42254,59.32,8.06
42255,57.66,8.22
42256,57.47,8.25
42257,57.18,8.26
42258,55.12,8.24
42259,49.28,8.23
42260,54.95,8.22
42261,61.25,8.21
42262,59.67,8.15
42263,61.43,8.21
42264,58.44,8.21
42265,56.84,8.09
42266,55.06,8.046666667
42267,56.05,8.003333333
42268,58.63,7.96
42269,57.77,8
42270,58.92,8.05
42271,56.28,7.99
42272,59.57,7.98
42273,56.33,7.953333333
42274,55.68,7.926666667
42275,58.23,7.9
42276,55.94,7.96
42277,55.2,8.13
42278,55,8.15
42279,54.91,8.13
42280,54,8.15
42281,52.55,8.17
42282,52.67,8.19
42283,54.86,8.2
42284,54.56,8.09
42285,56.93,8.11
42286,55.94,8.33
42287,53.72,8.313333333
42288,51.62,8.296666667
42289,55.82,8.28
42290,53.55,8.32
42291,53.5,8.42
42292,54.29,8.41
42293,54.07,8.38
42294,55.04,8.366666667
42295,55.92,8.353333333
42296,58.88,8.34
42297,57.78,8.46
42298,54.6,8.44
42299,53.79,8.47
42300,56.4,8.62
42301,53.45,8.63
42302,58.1,8.64
42303,56.82,8.65
42304,55.73,8.6
42305,56.08,8.56
42306,54.22,8.67
42307,52.68,8.63
42308,53.55,8.616666667
42309,53.97,8.603333333
42310,56.79,8.59
42311,55.27,8.44
42312,65.81,8.39
42313,53.22,8.46
42314,53.99,8.4
42315,51.57,8.37
42316,48.82,8.34
42317,48.88,8.31
42318,49.81,8.44
42319,51.97,8.44
42320,52.75,8.37
42321,48.02,8.39
42322,49.8,8.436666667
42323,49.07,8.483333333
42324,50.24,8.53
42325,52.41,8.61
42326,50.42,8.58
42327,52.13,8.63
42328,54.62,8.51
42329,51.98,8.526666667
42330,54.19,8.543333333
42331,66.06,8.56
42332,57.04,8.65
42333,54.1,8.62
42334,56.95,8.58
42335,52.89,8.58
42336,51.73,8.58
42337,48.67,8.58
42338,54.66,8.58
42339,55.52,8.56
42340,56.23,8.48
42341,56.3,8.59
42342,50.94,8.52
42343,48.07,8.483333333
42344,48.25,8.446666667
42345,54.27,8.41
42346,50.27,8.41
42347,52.28,8.4
42348,50.86,8.36
42349,51.02,8.07
42350,52.59,8.07
42351,52.12,8.07
42352,54.15,8.07
42353,51.28,8.19
42354,49.05,8.13
42355,50.07,8.07
42356,46.56,8.06
42357,44.99,8.103333333
42358,42.78,8.146666667
42359,45.15,8.19
42360,42.65,8.25
42361,43.43,8.22
42362,39.52,8.19
42363,38.74,8.22
42364,38.04,8.25
42365,43.62,8.28
42366,45.05,8.31
42367,46.6,8.27
42368,41.62,8.21
42369,49.04,8.22
42370,44.33,8.175
42371,44.9,8.13
42372,48.29,8.085
42373,51.04,8.04
42374,49.76,7.99
42375,49.28,7.74
42376,50.69,7.54
42377,51.77,7.41
42378,51.13,7.313333333
42379,47.66,7.216666667
42380,51.9,7.12
42381,48.73,7.1
42382,49.22,7.24
42383,47.86,7.08
42384,46.19,6.67
42385,46.34,6.683333333
42386,45.81,6.696666667
42387,58.08,6.71
42388,67.8,6.81
42389,59.09,6.31
42390,50.92,6.17
42391,44.02,6.32
42392,44.9,6.17
42393,46.51,6.02
42394,43.92,5.87
42395,41.63,6.07
42396,42.37,5.9
42397,42.26,6.06
42398,39.65,6.04
42399,42.7,5.92
42400,46.33,5.8
42401,43.21,5.68
42402,40.89,5.81
42403,44.5,5.61
42404,43.46,5.6
42405,41.63,5.54
42406,40.27,5.436666667
42407,38.37,5.333333333
42408,40.93,5.23
42409,41.38,4.95
42410,41.58,4.87
42411,45.67,4.73
42412,42.16,5.05
42413,43.5,4.963333333
42414,41.23,4.876666667
42415,44.73,4.79
42416,41.22,4.67
42417,43.87,5.07
42418,43.08,5.24
42419,42.45,5.15
42420,41.91,5.233333333
42421,40.72,5.316666667
42422,44.37,5.4
42423,44.14,4.89
42424,46.04,4.85
42425,55.56,5.06
42426,43.46,4.98
42427,42.25,4.983333333
42428,43.47,4.986666667
42429,42.07,4.99
42430,42.55,4.99
42431,42.61,4.95
42432,46.35,4.88
42433,43.51,4.92
42434,42.15,4.976666667
42435,44.05,5.033333333
42436,50.41,5.09
42437,45.84,5.01
42438,44.24,5.07
42439,49.97,4.9
42440,47.04,4.98
42441,42.69,4.936666667
42442,41.95,4.893333333
42443,43.97,4.85
42444,42.18,4.85
42445,41.57,4.95
42446,44.27,4.99
42447,43.15,4.93
42448,43.01,4.906666667
42449,42.43,4.883333333
42450,47.69,4.86
42451,48.04,4.81
42452,44.66,4.79
42453,42.17,4.84
42454,42.86,4.84
42455,39.36,4.84
42456,36.01,4.84
42457,42.59,4.84
42458,44.65,4.77
42459,42.81,4.95
42460,43.95,5.2
42461,40.45,5.16
42462,40.2,5.213333333
42463,38.1,5.266666667
42464,43.96,5.32
42465,40.17,5.23
42466,37.68,5.3
42467,39.17,5.27
42468,40.23,5.41
42469,39.34,5.463333333
42470,36.54,5.516666667
42471,34.71,5.57
42472,43.88,5.58
42473,43.82,5.53
42474,44.89,5.6
42475,43.49,5.47
42476,40.26,5.466666667
42477,40.83,5.463333333
42478,41.07,5.46
42479,46.48,5.56
42480,44.05,5.54
42481,42.52,5.74
42482,44.37,5.96
42483,42.99,5.936666667
42484,43.48,5.913333333
42485,43.71,5.89
42486,42.99,6.61
42487,48.11,6.83
42488,49.27,6.33
42489,45.83,6.17
42490,43.89,6.146666667
42491,42.49,6.123333333
42492,40.93,6.1
42493,43.46,5.98
42494,41.77,6.12
42495,41.16,6.19
42496,44.92,5.85
42497,41.48,5.796666667
42498,41.39,5.743333333
42499,43.67,5.69
42500,48.15,5.89
42501,55.7,6.01
42502,44.37,5.8
42503,45.94,5.84
42504,42.67,5.926666667
42505,43.51,6.013333333
42506,57.83,6.1
42507,45.43,6.04
42508,45.41,6.05
42509,45.7,5.98
42510,41.43,5.95
42511,39.54,5.873333333
42512,42.73,5.796666667
42513,43.97,5.72
42514,41.75,5.78
42515,44.69,5.85
42516,43.14,6.01
42517,43.22,6.02
42518,44.25,6.046666667
42519,42.35,6.073333333
42520,42.1,6.1
42521,42.61,6.08
42522,45.38,5.95
42523,45.53,6.01
42524,47.97,5.93
42525,44.31,6.016666667
42526,42.8,6.103333333
42527,49.93,6.19
42528,48.96,6.1
42529,48.92,6.09
42530,50.33,6.1
42531,52.37,5.94
42532,45.69,5.906666667
42533,44.13,5.873333333
42534,48.14,5.84
42535,46.72,5.84
42536,46.5,5.89
42537,49.35,5.7
42538,45.92,5.66
42539,47.44,5.72
42540,44.5,5.78
42541,43.94,5.84
42542,47.76,5.54
42543,51.21,5.67
42544,53.81,5.63
42545,48.57,4.95
42546,45.22,4.886666667
42547,43.98,4.823333333
42548,47.91,4.76
42549,49.28,4.68
42550,45.95,4.51
42551,44.9,4.46
42552,43.58,4.61
42553,40.12,4.726666667
42554,40.71,4.843333333
42555,51.1,4.96
42556,43.13,4.7
42557,45.29,4.58
42558,42.35,4.57
42559,42.7,4.53
42560,43.11,4.493333333
42561,40.83,4.456666667
42562,38.79,4.42
42563,46.39,4.62
42564,44.1,4.78
42565,44.67,4.77
42566,45.36,4.92
42567,43.84,4.893333333
42568,43.51,4.866666667
42569,47.49,4.84
42570,44.95,4.66
42571,45.07,4.68
42572,47.41,4.64
42573,47.2,4.55
42574,46.08,4.56
42575,46.1,4.57
42576,46.71,4.58
42577,48.08,4.5
42578,46.13,4.52
42579,47.55,4.47
42580,45.31,4.41
42581,43.4,4.396666667
42582,42.24,4.383333333
42583,54.53,4.37
42584,47.33,4.4
42585,42.6,4.62
42586,43.45,4.68
42587,46.68,4.72
42588,42.67,4.793333333
42589,35.88,4.866666667
42590,35.87,4.94
42591,42.89,4.87
42592,43.51,4.76
42593,40.64,4.87
42594,41.01,4.89
42595,39.79,4.86
42596,39.39,4.83
42597,42.72,4.8
42598,38.82,4.69
42599,41.73,4.48
42600,43.2,4.68
42601,40.04,4.76
42602,36.64,4.803333333
42603,37.63,4.846666667
42604,40.25,4.89
42605,39.83,4.7
42606,47.63,4.6
42607,46.46,4.7
42608,39.28,4.69
42609,40,4.69
42610,37.83,4.69
42611,41.32,4.69
42612,40.19,4.54
42613,38.91,4.46
42614,39.33,4.37
42615,36.48,4.08
42616,33.14,4.03
42617,36.96,3.98
42618,44.38,3.93
42619,46.48,4.13
42620,47.83,4.01
42621,37.56,4.08
42622,35.34,4.08
42623,38.14,4.063333333
42624,34.54,4.046666667
42625,48.63,4.03
42626,68.91,4.02
42627,61.17,3.98
42628,145.38,4.14
42629,40.49,4.36
42630,38.9,4.373333333
42631,42.07,4.386666667
42632,199.17,4.4
42633,78.31,4.16
42634,44.1,4.21
42635,44.31,4.42
42636,44.11,4.54
42637,43.58,4.566666667
42638,42.67,4.593333333
42639,50.61,4.62
42640,44.28,4.43
42641,44.48,4.95
42642,41.87,5.02
42643,53.07,4.96
42644,54.26,5.076666667
42645,48.74,5.193333333
42646,54.46,5.31
42647,48.6,5.21
42648,42,5.48
42649,47.68,5.86
42650,52.83,5.69
42651,51.91,5.68
42652,44.03,5.67
42653,60.69,5.66
42654,51.11,5.43
42655,55.2,5.52
42656,55.15,5.65
42657,56.96,5.81
42658,48.27,5.83
42659,47.56,5.85
42660,51.46,5.87
42661,47.61,5.95
42662,53.84,5.67
42663,60.99,5.58
42664,71.67,5.89
42665,55.18,5.863333333
42666,47.7,5.836666667
42667,88.78,5.81
42668,82.01,5.81
42669,58.4,5.94
42670,53.82,5.81
42671,56.47,5.88
42672,53.26,5.886666667
42673,47.99,5.893333333
42674,63.58,5.9
42675,59.46,6.03
42676,82.35,6.24
42677,65.31,6.5
42678,67.27,6.41
42679,54.79,6.35
42680,48.43,6.29
42681,115.44,6.23
42682,111.43,6.15
42683,109.76,6.13
42684,68.68,5.92
42685,60.5,5.67
42686,60.29,5.583333333
42687,56.62,5.496666667
42688,98.89,5.41
42689,70.78,5.74
42690,54.2,5.55
42691,55.91,5.9
42692,60.18,5.58
42693,59.6,5.546666667
42694,53.97,5.513333333
42695,60.38,5.48
42696,59.66,5.51
42697,70.82,5.39
42698,58.21,5.34
42699,56.81,5
42700,62.61,4.913333333
42701,55.77,4.826666667
42702,71.9,4.74
42703,81.15,4.56
42704,63.96,4.58
42705,69.45,4.46
42706,74.38,4.3
42707,58.69,4.323333333
42708,53.66,4.346666667
42709,79.54,4.37
42710,60.71,4.5
42711,52.94,4.3
42712,53.68,4.61
42713,51.27,4.46
42714,52.93,4.596666667
42715,54.01,4.733333333
42716,59.05,4.87
42717,57.17,4.79
42718,56.63,5.01
42719,54.34,4.84
42720,57.5,4.93
42721,54.11,4.983333333
42722,54.65,5.036666667
42723,61.44,5.09
42724,54.48,5.23
42725,53.81,5.8
42726,56.08,6.07
42727,54.26,6.22
42728,54.15,6.245
42729,46.18,6.27
42730,45.32,6.295
42731,59.04,6.32
42732,64.14,6.32
42733,58.27,6.34
42734,58.39,6.54
42735,57.42,6.396666667
42736,57.98,6.253333333
42737,59.08,6.11
42738,61.44,5.41
42739,62.18,5.7
42740,61.67,5.27
42741,58.23,5.03
42742,57.99,5.103333333
42743,57.29,5.176666667
42744,55.79,5.25
42745,58.29,5.49
42746,58.17,5.51
42747,60.1,5.03
42748,62.03,5.03
42749,60.38,4.916666667
42750,60,4.803333333
42751,68.32,4.69
42752,75.08,4.99
42753,69.27,4.83
42754,65.38,5.19
42755,60.53,5.42
42756,59.16,5.383333333
42757,60.89,5.346666667
42758,65.54,5.31
42759,65.42,5.07
42760,61.39,4.97
42761,60.97,5.19
42762,61.32,4.91
42763,58.82,4.99
42764,58.26,5.07
42765,59.82,5.15
42766,61.77,5.35
42767,60.27,5.26
42768,61.16,5.22
42769,60.73,5.15
42770,64.49,5.13
42771,66.76,5.11
42772,64.05,5.09
42773,64.29,5.16
42774,63.53,5.21
42775,60.33,5.27
42776,62.79,5.11
42777,57.44,5.036666667
42778,55.03,4.963333333
42779,57.07,4.89
42780,60.2,5.12
42781,57.3,5.05
42782,55.45,4.93
42783,58.04,4.97
42784,52.91,5.006666667
42785,51.34,5.043333333
42786,51.64,5.08
42787,54.06,5.04
42788,51.35,5.06
42789,51.68,5.34
42790,55.64,5.38
42791,53.98,5.316666667
42792,55.91,5.253333333
42793,55.33,5.19
42794,51.26,5.23
42795,56.31,5.9
42796,51.71,5.46
42797,52.17,5.59
42798,48.14,5.553333333
42799,48.63,5.516666667
42800,53.05,5.48
42801,50.57,5.37
42802,50.71,5.23
42803,52.15,5.12
42804,48.78,5.16
42805,49.71,5.156666667
42806,48.53,5.153333333
42807,47.44,5.15
42808,44.47,5.1
42809,48.05,5.19
42810,46.52,5.14
42811,46.81,5.13
42812,46.3,5.083333333
42813,42.31,5.036666667
42814,47.21,4.99
42815,48.38,4.93
42816,46.6,4.96
42817,47.82,4.97
42818,47,4.76
42819,47.58,4.713333333
42820,46.72,4.666666667
42821,50.68,4.62
42822,48.82,4.73
42823,45.68,4.75
42824,46.03,4.91
42825,46.42,4.68
42826,48.53,4.74
42827,46.97,4.8
42828,45.51,4.86
42829,49.09,4.64
42830,50.99,4.81
42831,55.44,5.05
42832,50.85,4.88
42833,48.47,4.846666667
42834,45.08,4.813333333
42835,48.03,4.78
42836,45.97,4.86
42837,46.76,4.92
42838,46.58,4.94
42839,46.78,4.94
42840,46.62,4.94
42841,50.03,4.94
42842,45.77,4.94
42843,47.16,4.85
42844,46.59,4.82
42845,50.36,4.74
42846,48.07,4.56
42847,47.13,4.65
42848,46.6,4.74
42849,48.68,4.83
42850,46.92,4.49
42851,51.38,4.6
42852,49.82,5.54
42853,56.2,4.56
42854,47.75,4.56
42855,47.82,4.56
42856,48.73,4.56
42857,52.35,4.44
42858,50.06,4.39
42859,48.55,4.51
42860,48.21,4.57
42861,49.38,4.52
42862,47.18,4.47
42863,48.51,4.42
42864,53.98,4.51
42865,52.73,4.45
42866,49.93,4.34
42867,48.27,4.45
42868,43.6,4.426666667
42869,45.97,4.403333333
42870,48,4.38
42871,47.94,4.455
42872,59.95,4.53
42873,53.5,4.76
42874,51.17,4.85
42875,45.6,4.866666667
42876,46.96,4.883333333
42877,45.92,4.9
42878,46.45,4.75
42879,45.24,4.91
42880,45.85,4.98
42881,43.57,5.19
42882,44.78,5.183333333
42883,44.67,5.176666667
42884,44.66,5.17
42885,45.6,5.14
42886,46.79,4.98
42887,44.02,5.08
42888,44.55,5.16
42889,43.49,5.163333333
42890,40.17,5.166666667
42891,43.35,5.17
42892,43.49,4.97
42893,35.77,4.87
42894,45.13,5.04
42895,43.53,5.04
42896,43.66,4.996666667
42897,36.64,4.953333333
42898,39.54,4.91
42899,42.29,5
42900,40.99,4.93
42901,38.96,4.95
42902,33.88,4.87
42903,37.15,4.886666667
42904,40.37,4.903333333
42905,46.44,4.92
42906,44.61,4.94
42907,46.64,4.87
42908,47.18,4.86
42909,42,4.86
42910,42.18,4.83
42911,42.77,4.8
42912,64.03,4.77
42913,46.01,4.93
42914,44.39,4.93
42915,45.98,5.16
42916,46.9,5.02
42917,48.32,5.056666667
42918,42.4,5.093333333
42919,46.64,5.13
42920,57.45,5.11
42921,56.56,5.04
42922,53.45,5.23
42923,46.5,5.33
42924,43.25,5.35
42925,42.23,5.37
42926,54.23,5.39
42927,66.83,5.32
42928,46.54,5.47
42929,43.77,5.35
42930,43.95,5.41
42931,40.97,5.416666667
42932,40.02,5.423333333
42933,45.12,5.43
42934,41.77,5.45
42935,42.6,5.38
42936,42.8,5.29
42937,44.12,5.08
42938,44.08,5.096666667
42939,45.03,5.113333333
42940,44.22,5.13
42941,48.42,5.15
42942,43.08,5.24
42943,43.43,5.13
42944,42.8,5.17
42945,41.16,5.186666667
42946,43.33,5.203333333
42947,43.98,5.22
42948,46.47,5.29
42949,44.3,5.42
42950,44.37,5.42
42951,43.18,5.34
42952,44.33,5.313333333
42953,42.98,5.286666667
42954,46.08,5.26
42955,47.63,5.26
42956,43.33,5.36
42957,48.13,5.36
42958,47.19,5.38
42959,45.73,5.423333333
42960,49.46,5.466666667
42961,46.91,5.51
42962,47.01,5.52
42963,44.75,5.79
42964,46.19,5.8
42965,46.39,5.81
42966,35.3,5.786666667
42967,46.31,5.763333333
42968,51.14,5.74
42969,51.33,5.77
42970,45.7,5.94
42971,47.94,5.94
42972,48.4,6.08
42973,48.34,6.083333333
42974,46.84,6.086666667
42975,47.46,6.09
42976,50.86,6.03
42977,50.15,6.02
42978,50.58,5.93
42979,48.79,5.82
42980,48.75,5.85
42981,47.58,5.88
42982,47.17,5.91
42983,47.71,6.49
42984,48,6.69
42985,48.33,6.89
42986,45.91,7.06
42987,49.97,6.996666667
42988,48.38,6.933333333
42989,44.4,6.87
42990,50.27,6.86
42991,50.35,7.09
42992,52.73,7.09
42993,52.65,6.94
42994,54.79,6.866666667
42995,53.72,6.793333333
42996,61.78,6.72
42997,62.86,7.02
42998,53.09,6.9
42999,54.71,6.55
43000,52.71,6.64
43001,49.49,6.85
43002,48.33,7.06
43003,51.77,7.27
43004,52.92,6.97
43005,53,6.92
43006,55.94,6.96
43007,50.14,7.06
43008,51.7,7.016666667
43009,50.59,6.973333333
43010,43.09,6.93
43011,47.71,6.99
43012,51.02,6.89
43013,51.86,6.88
43014,52.29,6.99
43015,49.4,6.976666667
43016,52.59,6.963333333
43017,55.98,6.95
43018,53.19,7.39
43019,52.7,7.38
43020,52,7.41
43021,48.51,7.32
43022,50.17,7.333333333
43023,47.33,7.346666667
43024,51.88,7.36
43025,53.38,7.42
43026,57.17,7.81
43027,53.23,7.65
43028,50.99,7.57
43029,48.94,7.526666667
43030,47.33,7.483333333
43031,51.81,7.44
43032,51.83,7.47
43033,52.13,7.4
43034,55.72,7.2
43035,52.63,7.17
43036,51.2,7.16
43037,46.61,7.15
43038,53.93,7.14
43039,52.6,7.37
43040,51.02,7.51
43041,54.82,7.66
43042,56.02,7.88
43043,52.16,7.893333333
43044,50.04,7.906666667
43045,53.74,7.92
43046,56.35,7.75
43047,56.95,7.72
43048,56.4,7.55
43049,57.06,7.4
43050,57.81,7.383333333
43051,54.51,7.366666667
43052,58.73,7.35
43053,60.12,7.39
43054,59.21,7.69
43055,55.28,7.5
43056,57.24,7.48
43057,55.33,7.466666667
43058,57.58,7.453333333
43059,56.98,7.44
43060,55.76,7.39
43061,56.92,7.37
43062,55.63,7.66
43063,59.27,7.77
43064,56.73,7.746666667
43065,56.74,7.723333333
43066,57.78,7.7
43067,59.73,7.59
43068,60.23,7.7
43069,60.82,7.53
43070,61.88,7.68
43071,61.46,7.636666667
43072,59.65,7.593333333
43073,62.85,7.55
43074,60.68,7.43
43075,59.69,7.27
43076,60.53,7.35
43077,62.01,7.14
43078,63.38,7.16
43079,60.7,7.18
43080,65.02,7.2
43081,76.68,7.14
43082,71.69,7.07
43083,66.82,7.09
43084,62.53,7.18
43085,64.87,7.25
43086,62.88,7.32
43087,66.36,7.39
43088,64.37,7.5
43089,65.36,7.77
43090,63.26,7.98
43091,60.39,8.15
43092,58.1,8.15
43093,55.81,8.15
43094,59.55,8.15
43095,56.38,8.15
43096,60.13,8.13
43097,63.43,8.17
43098,59.62,8.14
43099,58.35,8.05
43100,50.34,7.96
43101,51.9,7.87
43102,58.22,7.78
43103,55.93,7.8
43104,59.97,7.74
43105,63.87,7.75
43106,56.59,7.706666667
43107,57.89,7.663333333
43108,57.64,7.62
43109,59.36,7.75
43110,64.61,7.86
43111,63.56,7.79
43112,58.3,7.83
43113,57.55,7.81
43114,56.07,7.79
43115,55.69,7.77
43116,55.93,8.02
43117,55.33,8.15
43118,56.55,8.46
43119,53.23,8.73
43120,59.69,8.726666667
43121,54.91,8.723333333
43122,55.22,8.72
43123,53.16,8.98
43124,53.79,9.42
43125,55.92,9.21
43126,58.95,9.06
43127,53.05,9.03
43128,52.06,9
43129,46.09,8.97
43130,52.78,8.86
43131,52.69,9.25
43132,53.12,9.24
43133,55.65,8.93
43134,56.74,8.97
43135,53.88,9.01
43136,57.08,9.05
43137,56.06,8.78
43138,54.86,8.97
43139,56.62,9.1
43140,54.85,9.21
43141,54.18,9.293333333
43142,52.99,9.376666667
43143,56.09,9.46
43144,53.9,9.87
43145,55.61,9.58
43146,53.8,9.52
43147,54.85,9.5
43148,55.67,9.62
43149,55.79,9.74
43150,57.86,9.86
43151,57.14,9.7
43152,59.95,9.54
43153,61.52,9.7
43154,61.58,9.79
43155,62.43,9.73
43156,61.26,9.67
43157,67.29,9.61
43158,69.26,10.13
43159,71.72,10.08
43160,93.05,9.97
43161,104.44,10.12
43162,85.12,10.19333333
43163,74.35,10.26666667
43164,70.32,10.34
43165,59.31,10.45
43166,59.23,10.62
43167,57.75,11.1
43168,59.22,11.1
43169,56.94,11.08666667
43170,60.3,11.07333333
43171,59.39,11.06
43172,86.12,11.38
43173,62.6,11.18
43174,62.24,11.16
43175,61.76,11.15
43176,63.28,11.11333333
43177,61.69,11.07666667
43178,62.58,11.04
43179,60.81,11.52
43180,58.52,12.82
43181,60.81,12.31
43182,59.78,12.58
43183,62.25,12.70666667
43184,57.67,12.83333333
43185,59.37,12.96
43186,54,13.65
43187,59.05,12.96
43188,58.48,13.26
43189,56.57,13.26
43190,54.11,13.26
43191,57.37,13.26
43192,55.38,13.26
43193,57.98,13.27
43194,55.59,13.02
43195,56.49,12.61
43196,53.88,12.96
43197,57.94,13.07333333
43198,57.37,13.18666667
43199,62.05,13.3
43200,57.48,13.34
43201,58.64,13.39
43202,61.49,13.55
43203,66.54,13.9
43204,61.23,13.91666667
43205,57.9,13.93333333
43206,59.45,13.95
43207,55.01,13.7
43208,57.59,13.85
43209,57.99,13.42
43210,57.84,13.01
43211,57.1,12.95666667
43212,54.93,12.90333333
43213,53.87,12.85
43214,58.53,13.18
43215,56.45,13.21
43216,57.37,13.44
43217,64.7,13.51
43218,57.92,13.52
43219,58.39,13.53
43220,59.22,13.54
43221,57.22,13.34
43222,59.37,13.02
43223,60.78,12.92
43224,58.92,12.98
43225,56.4,13.18
43226,56.3,13.38
43227,57.11,13.58
43228,57.62,13.56
43229,57.45,13.96
43230,60.6,14.57
43231,59.23,14.6
43232,58.57,14.6
43233,57.79,14.6
43234,59.07,14.6
43235,59.22,14.29
43236,63.43,15.15
43237,60.25,15.27
43238,62.61,15.22
43239,62.44,15.32333333
43240,61.47,15.42666667
43241,62.07,15.53
43242,62.32,15.92
43243,62.44,15.98
43244,63.92,16.26
43245,65.75,15.97
43246,62.87,16.07333333
43247,53.81,16.17666667
43248,68.83,16.28
43249,61.7,16.27
43250,67.11,15.81
43251,66.18,14.88
43252,66.61,15.26
43253,63.91,15.54
43254,62.45,15.82
43255,65.6,16.1
43256,62.39,15.74
43257,66.21,15.9
43258,62.72,15.97
43259,63.58,15.79
43260,63.15,15.68
43261,62.22,15.57
43262,61.26,15.46
43263,60.51,15.12
43264,59.4,15.28
43265,53.49,14.88
43266,63.85,14.5
43267,62.22,14.52333333
43268,59.51,14.54666667
43269,58.69,14.57
43270,64.22,14.21
43271,59.22,14.47
43272,59.48,14.78
43273,59.78,15.09
43274,58.32,15.05666667
43275,59.81,15.02333333
43276,62.87,14.99
43277,62.51,14.99
43278,60.53,15.21
43279,61.91,14.96
43280,61.03,14.95
43281,57.57,14.97666667
43282,59.64,15.00333333
43283,60.16,15.03
43284,63.73,15.06
43285,67.07,15.48
43286,63.51,15.64
43287,62.21,15.66
43288,63.17,15.76
43289,62.87,15.86
43290,65.98,15.96
43291,62.78,16.01
43292,64.8,16.28
43293,65.41,16.05
43294,64.77,16.02
43295,62.93,15.97666667
43296,63.02,15.93333333
43297,68.27,15.89
43298,67.08,16.04
43299,67.11,16.37
43300,65.91,16.82
43301,65.6,17.03
43302,64.52,17.13666667
43303,63.23,17.24333333
43304,64.69,17.35
43305,65.85,17.06
43306,65.74,17.3
43307,67.19,17.25
43308,66.43,17.06
43309,59.63,17.04
43310,56.97,17.02
43311,64.79,17
43312,63.58,17.36
43313,65.13,17.74
43314,65.29,17.59
43315,66.48,17.63
43316,63.06,17.59666667
43317,63.99,17.56333333
43318,65.54,17.53
43319,65.41,17.47
43320,64.64,17.36
43321,65.23,17.56
43322,64.22,17.85
43323,65.42,17.88333333
43324,66.51,17.91666667
43325,67.75,17.95
43326,68.37,18.12
43327,65.34,18.05
43328,66.02,17.95
43329,65.24,18.1
43330,64.23,18.21666667
43331,67.39,18.33333333
43332,79.15,18.45
43333,71.53,18.45
43334,70.5,19.78
43335,69.97,20.36
43336,68.46,20.65
43337,68.97,20.86
43338,67.67,21.07
43339,60.99,21.28
43340,72.82,20.65
43341,72.51,21.02
43342,75.33,21.13
43343,72.99,21.06
43344,71.98,20.77666667
43345,68.56,20.49333333
43346,73.25,20.21
43347,74.12,20.14
43348,75,20.34
43349,74.2,21.44
43350,75.74,23.19
43351,76.89,23.85666667
43352,74.05,24.52333333
43353,75.81,25.19
43354,72.22,24.13
43355,79.7,22.92
43356,77.46,18.87
43357,76.28,19.94
43358,72.91,20.26
43359,63.65,20.58
43360,71.37,20.9
43361,70.31,20.19
43362,68.38,21.43
43363,71.43,21.98
43364,73.35,22.08
43365,73.47,22.17666667
43366,79.97,22.27333333
43367,81.27,22.37
43368,78.88,21.19
43369,74,20.18
43370,77.77,20.77
43371,76.24,21.16
43372,76.37,21.21333333
43373,76.39,21.26666667
43374,75.74,21.32
43375,67.91,20.95
43376,77.38,21.14
43377,74.73,21.3
43378,74.75,22.11
43379,75.55,22.03666667
43380,74.88,21.96333333
43381,71.86,21.89
43382,75.54,20.75
43383,75.42,19.43
43384,72.79,19.85
43385,67.99,20.35
43386,68.79,19.75666667
43387,76.64,19.16333333
43388,76.98,18.57
43389,75.49,19.28
43390,76.26,19.26
43391,73.95,19.73
43392,72.68,19.7
43393,72.72,19.49666667
43394,71.91,19.29333333
43395,71.48,19.09
43396,66.51,19.23
43397,68.99,19.61
43398,72.53,19.08
43399,70.39,18.28
43400,69.87,17.74666667
43401,69.27,17.21333333
43402,73.5,16.68
43403,73.06,16.02
43404,73.48,16.36
43405,71.06,15.62
43406,69.02,17.08
43407,62.83,17.13
43408,63.98,17.18
43409,69.19,17.23
43410,65.33,17.57
43411,67.92,18.62
43412,66.63,19.56
43413,67.78,19.5
43414,69.27,19.83333333
43415,68.12,20.16666667
43416,66.3,20.5
43417,68.92,20.14
43418,68.31,19.74
43419,72.42,19
43420,72.94,19.11
43421,70.74,19.05
43422,69.62,18.99
43423,71.42,18.93
43424,67.78,19.46
43425,72.54,20.49
43426,87.56,20.92
43427,80.57,20.21
43428,71.89,20.08333333
43429,70.85,19.95666667
43430,88.45,19.83
43431,70.34,19.6
43432,66.49,19.29
43433,65.63,20.02
43434,63.6,20.5
43435,67.82,20.54333333
43436,67.68,20.58666667
43437,70.05,20.63
43438,79.3,20.73
43439,69.76,19.67
43440,67.96,19.99
43441,62.69,20.29
43442,56.81,20.48
43443,61.99,20.67
43444,72.03,20.86
43445,68.48,20.16
43446,69.29,21.47
43447,68.76,22.32
43448,72.9,23.37
43449,69.14,23.66666667
43450,69.93,23.96333333
43451,73.66,24.26
43452,68.58,24.03
43453,70.8,24.32
43454,71.15,24.17
43455,72.23,24.6
43456,71.2,24.68
43457,75.67,24.76
43458,74.4,24.84
43459,72.8,24.84
43460,70.96,24.84
43461,76.72,24.67
43462,72.63,24.64
43463,68.27,24.65
43464,67.32,24.66
